known,Digital Skills ,,,,,,
Joseph,Joseph,Ehizojie,,,,,,,,,,,,,,,,,,,,,,,,,,* myContacts,Mobile,7012816993,,Digital Skills ,,,,,,
Chukwu,Chukwu,Emmanuel,,,,,,,,,,,,,,,,,,,,,,,,,,* myContacts,Mobile,8037122424,,Digital Skills ,,,,,,
Ezeudeke,Ezeudeke,Joy,,,,,,,,,,,,,,,,,,,,,,,,,,* myContacts,Mobile,8075951601,,Digital Skills ,,,,,,
Chuks,Chuks,Ogazi,,,,,,,,,,,,,,,,,,,,,,,,,,* myContacts,Mobile,8034936271,unknown,Digital Skills ,,,,,,
Ifezue,Ifezue,Henry,,,,,,,,,,,,,,,,,,,,,,,,,,* myContacts,Mobile,7057531705,,Digital Skills ,,,,,,
Austine,Austine,Chinaza,,,,,,,,,,,,,,,,,,,,,,,,,,* myContacts,Mobile,8034373339,,Digital Skills ,,,,,,
Joseph,Joseph,Chidebere,,,,,,,,,,,,,,,,,,,,,,,,,,* myContacts,Mobile,7047543362,unknown,Digital Skills ,,,,,,
Kelechukwu,Kelechukwu,Stanley,,,,,,,,,,,,,,,,,,,,,,,,,,* myContacts,Mobile,9121319583,unknown,Digital Skills ,,,,,,
Ifeanyi,Ifeanyi,Joseph,,,,,,,,,,,,,,,,,,,,,,,,,,* myContacts,Mobile,9029861364,,Digital Skills ,,,,,,
Akpa,Akpa,Lucy,,,,,,,,,,,,,,,,,,,,,,,,,,* myContacts,Mobile,9123651936,,Digital Skills ,,,,,,
Onyinye,Onyinye,Ebere,,,,,,,,,,,,,,,,,,,,,,,,,,* myContacts,Mobile,8141126251,unknown,Digital Skills ,,,,,,
Olayinka,Olayinka,David,,,,,,,,,,,,,,,,,,,,,,,,,,* myContacts,Mobile,8025393766,unknown,Digital Skills ,,,,,,
Eberechukwu,Eberechukwu,Uwakwe,,,,,,,,,,,,,,,,,,,,,,,,,,* myContacts,Mobile,7051427768,,Digital Skills ,,,,,,
John,John,Martins,,,,,,,,,,,,,,,,,,,,,,,,,,* myContacts,Mobile,8035479215,,Digital Skills ,,,,,,
Orisakwe,Orisakwe,Sochima,,,,,,,,,,,,,,,,,,,,,,,,,,* myContacts,Mobile,8188208719,,Digital Skills ,,,,,,
Val-Adinnu,Val-Adinnu,Emmanuella,,,,,,,,,,,,,,,,,,,,,,,,,,* myContacts,Mobile,8037034273,,Digital Skills ,,,,,,
Joseph,Joseph,Inung,,,,,,,,,,,,,,,,,,,,,,,,,,* myContacts,Mobile,7037651744,unknown,Digital Skills ,,,,,,
Kosiso,Kosiso,Egesonu,,,,,,,,,,,,,,,,,,,,,,,,,,* myContacts,Mobile,8066999254,unknown,Digital Skills ,,,,,,
Kingsley,Kingsley,Umeh,,,,,,,,,,,,,,,,,,,,,,,,,,* myContacts,Mobile,9041985309,,Digital Skills ,,,,,,
Tony,Tony,Jimato,,,,,,,,,,,,,,,,,,,,,,,,,,* myContacts,Mobile,7086905846,unknown,Digital Skills ,,,,,,
Osita,Osita,Casmir,,,,,,,,,,,,,,,,,,,,,,,,,,* myContacts,Mobile,9029800856,,Digital Skills ,,,,,,
Okoh,Okoh,Augustine,,,,,,,,,,,,,,,,,,,,,,,,,,* myContacts,Mobile,8036130060,unknown,Digital Skills ,,,,,,
Kelvin,Kelvin,Manuella,,,,,,,,,,,,,,,,,,,,,,,,,,* myContacts,Mobile,8083596054,,Digital Skills ,,,,,,
Debbie,Debbie,Eimiama,,,,,,,,,,,,,,,,,,,,,,,,,,* myContacts,Mobile,8135361623,,Digital Skills ,,,,,,
Okoh,Okoh,Emmanuel,,,,,,,,,,,,,,,,,,,,,,,,,,* myContacts,Mobile,8103679847,unknown,Digital Skills ,,,,,,
Ugwoke,Ugwoke,Martins,,,,,,,,,,,,,,,,,,,,,,,,,,* myContacts,Mobile,9037936316,,Digital Skills ,,,,,,
Mitchell,Mitchell,Ugochukwu,,,,,,,,,,,,,,,,,,,,,,,,,,* myContacts,Mobile,9026240089,,Digital Skills ,,,,,,
Okenyi,Okenyi,Chibudum,,,,,,,,,,,,,,,,,,,,,,,,,,* myContacts,Mobile,8023205544,,Digital Skills ,,,,,,
David,David,Asadu,,,,,,,,,,,,,,,,,,,,,,,,,,* myContacts,Mobile,8033623062,unknown,Digital Skills ,,,,,,
Nkwokora,Nkwokora,Amarachi,,,,,,,,,,,,,,,,,,,,,,,,,,* myContacts,Mobile,8165171578,unknown,Digital Skills ,,,,,,
Oraegbunam,Orargbunam,Omasiri,,,,,,,,,,,,,,,,,,,,,,,,,,* myContacts,Mobile,7035904077,,Digital Skills ,,,,,,
Nwaeze,Nwaeze,Osorochi,,,,,,,,,,,,,,,,,,,,,,,,,,* myContacts,Mobile,9160844962,unknown,Digital Skills ,,,,,,
