Name,Given Name,Additional Name,Family Name,Yomi Name,Given Name Yomi,Additional Name Yomi,Family Name Yomi,Name Prefix,Name Suffix,Initials,Nickname,Short Name,Maiden Name,Birthday,Gender,Location,Billing Information,Directory Server,Mileage,Occupation,Hobby,Sensitivity,Priority,Subject,Notes,Language,Photo,Group Membership,Phone 1 - Type,Phone 1 - Value,Organization 1 - Type,Organization 1 - Name,Organization 1 - Yomi Name,Organization 1 - Title,Organization 1 - Department,Organization 1 - Symbol,Organization 1 - Location,Organization 1 - Job Description
Anulika,Anulika,Okoli,,,,,,,,,,,,,,,,,,,,,,,,,,* myContacts,Mobile,8036352731,unknown,Digital Skills ,,,,,,
Elechi,Elechi,Ogochukwu,,,,,,,,,,,,,,,,,,,,,,,,,,* myContacts,Mobile,7066605471,unknown,Digital Skills ,,,,,,
Ikechukwu,Ikechukwu,Obi,,,,,,,,,,,,,,,,,,,,,,,,,,* myContacts,Mobile,8033223348,,Digital Skills ,,,,,,
Rosemary,Rosemary,Offor,,,,,,,,,,,,,,,,,,,,,,,,,,Restored from Tecno - TECNO L9 ::: * myContacts,Mobile,8067960646,,Digital Skills ,,,,,,
Okechukwu,Okechukwu ,Chioma,,,,,,,,,,,,,,,,,,,,,,,,,,* myContacts,Mobile,8181453797,,Digital Skills ,,,,,,
Amala,Amala,Ibik,,,,,,,,,,,,,,,,,,,,,,,,,,* myContacts,Mobile,7061458640,,Digital Skills ,,,,,,
Chisom,Chisom,Chukwuemeka,,,,,,,,,,,,,,,,,,,,,,,,,,* myContacts,Mobile,8037223123,,Digital Skills ,,,,,,
Ayogu,Ayogu,Chidebere,,,,,,,,,,,,,,,,,,,,,,,,,,* myContacts,Mobile,70323969651,,Digital Skills ,,,,,,
Carole,Carole,Okolo,,,,,,,,,,,,,,,,,,,,,,,,,,* myContacts,Mobile,8033225682,,Digital Skills ,,,,,,
Nwozo,Nwozo,Ikechukwu,,,,,,,,,,,,,,,,,,,,,,,,,,* myContacts,Mobile,8068926445,unknown,Digital Skills ,,,,,,
Akodu,Akodu,Mary,,,,,,,,,,,,,,,,,,,,,,,,,,* myContacts,Mobile,7062231219,,Digital Skills ,,,,,,
Onwumere,Onwumere,Chinonso,,,,,,,,,,,,,,,,,,,,,,,,,,* myContacts,Mobile,8135372066,,Digital Skills ,,,,,,
Cajy-Awuja,Cajy-Awuja,Obinna,,,,,,,,,,,,,,,,,,,,,,,,,,* myContacts,Mobile,8132522955,,Digital Skills ,,,,,,
Ozebo,Ozebo,Alfred,,,,,,,,,,,,,,,,,,,,,,,,,,* myContacts,Mobile,8024689712,unknown,Digital Skills ,,,,,,
Chibukem,Chibukem,Okonkwo,,,,,,,,,,,,,,,,,,,,,,,,,,* myContacts,Mobile,9073536383,,Digital Skills ,,,,,,
Ayemoba,Ayemoba,Augustine,,,,,,,,,,,,,,,,,,,,,,,,,,* myContacts,Mobile,8091664697,unknown,Digital Skills ,,,,,,
Donatus,Donatus,Ogwunoyi,,,,,,,,,,,,,,,,,,,,,,,,,,* myContacts,Mobile,8173236786,,Digital Skills ,,,,,,
Dorathy,Dorathy,Bassey,,,,,,,,,,,,,,,,,,,,,,,,,,* myContacts,Mobile,9122895578,,Digital Skills ,,,,,,
Anyanwu,Anyanwu,Chidubem,,,,,,,,,,,,,,,,,,,,,,,,,,* myContacts,Mobile,8036169507,,Digital Skills ,,,,,,
Offor,Offor,Kingsley,,,,,,,,,,,,,,,,,,,,,,,,,,* myContacts,Mobile,8134427531,,Digital Skills ,,,,,,
Chinedu,Chinedu,Anih,,,,,,,,,,,,,,,,,,,,,,,,,,* myContacts,Mobile,8035090793,unknown,Digital Skills ,,,,,,
Gbor,Gbor,Stephen,,,,,,,,,,,,,,,,,,,,,,,,,,* myContacts,Mobile,8093917925,unknown,Digital Skills ,,,,,,
Akinyele,Akinyele,Matthew,,,,,,,,,,,,,,,,,,,,,,,,,,* myContacts,Mobile,8032134818,,Digital Skills ,,,,,,
Chibuike,Chibuike,Ihekaire,,,,,,,,,,,,,,,,,,,,,,,,,,* myContacts,Mobile,7062805693,unknown,Digital Skills ,,,,,,
George,George,Ihekaire,,,,,,,,,,,,,,,,,,,,,,,,,,* myContacts,Mobile,8083674471,,Digital Skills ,,,,,,
Gloria,Gloria,Paulinus,,,,,,,,,,,,,,,,,,,,,,,,,,* myContacts,Mobile,8094567325,unknown,Digital Skills ,,,,,,
Okolo,Okolo,Anastacia,,,,,,,,,,,,,,,,,,,,,,,,,,* myContacts,Mobile,7056415923,unknown,Digital Skills ,,,,,,
Emmanuel,Emmanuel,Roger,,,,,,,,,,,,,,,,,,,,,,,,,,* myContacts,Mobile,8124963330,,Digital Skills ,,,,,,
Fedrick,Fedrick,Nzeribe,,,,,,,,,,,,,,,,,,,,,,,,,,* myContacts,Mobile,8066346308,,Digital Skills ,,,,,,
Ekwegbalu,Ekwegbalu,Kamsi,,,,,,,,,,,,,,,,,,,,,,,,,,* myContacts,Mobile,7040302953,,Digital Skills ,,,,,,
Ibekwu,Ibekwu,Izuchukwu,,,,,,,,,,,,,,,,,,,,,,,,,,Restored from Tecno - TECNO L9 ::: * myContacts,Mobile,7086026086,unknown,Digital Skills ,,,,,,
Chigozie,Chigozie,Uwakwe,,,,,,,,,,,,,,,,,,,,,,,,,,* myContacts,Mobile,8149272649,,Digital Skills ,,,,,,
Iwe,Iwe,Gregory,,,,,,,,,,,,,,,,,,,,,,,,,,* myContacts,Mobile,8034246217,un